{"details\\marilight_100g.jpg": 1729427198.9288938, "details\\snactac_tomatosoup_14g.jpg": 1729427225.4446445, "details\\himalaya_neemfacewash_100ml.jpg": 1729427244.4346716}